001-20230608_164726615_bicycle_picture_before.jpg,?/23862/category/1725
002-01334_gold_coast_v1.JPG,?/23832/category/1725
003-20230609_005431452_palm_trees_outside_ool_v1.jpg,?/23877/category/1725
004-01388_flags_on_the_beach.JPG,?/23855/category/1725
005-01402_after_the_final.JPG,?/23651/category/1719
006-01594_two_lorikeets.JPG,?/23466/category/1715
007-20230612_111207591_more_judo.jpg,?/23685/category/1719
001-20230608_164726615_bicycle_picture_before.webp,?/23862/category/1725
002-01334_gold_coast_v1.webp,?/23832/category/1725
003-20230609_005431452_palm_trees_outside_ool_v1.webp,?/23877/category/1725
004-01388_flags_on_the_beach.webp,?/23855/category/1725
005-01402_after_the_final.webp,?/23651/category/1719
006-01594_two_lorikeets.webp,?/23466/category/1715
007-20230612_111207591_more_judo.webp,?/23685/category/1719
