02532_mp.JPG,?/24127/category/1734
02579_looking_in_the_bush.JPG,?/24133/category/1734
05819_upper_pororari_suspension_bridge_max_5.JPG,?/24205/category/1735
05830_plam_mp.JPG,?/24206/category/1735
20210917_063859266_hut_life.jpg,?/24195/category/1734
02532_mp.webp,?/24127/category/1734
02579_looking_in_the_bush.webp,?/24133/category/1734
05819_upper_pororari_suspension_bridge_max_5.webp,?/24205/category/1735
05830_plam_mp.webp,?/24206/category/1735
20210917_063859266_hut_life.webp,?/24195/category/1734
