00_02881_oscar_wilde_eduard.avif,?/35493/category/2095
01_20250505_041904443_tartu_town_hall.avif,?/35519/category/2095
02_20250505_044159593_tartu_cathedral_ruins.avif,?/35523/category/2095
03_20250505_154505384_golden_hour_delta.avif,?/35538/category/2095
10_03802_tartu_2024_v1.avif,?/35514/category/2095
11_20250506_161522827_looking_at_the_wall.avif,?/35430/category/2093
12_20250508_142516202_estonian_hand_woven_blankets_v1.avif,?/34808/category/2068
20_03005_icon_v1.avif,?/34789/category/2068
21_03009_st_georgs_church_more_spires_v1.avif,?/34790/category/2068
30_20250510_065232075_more_strawberries.avif,?/35468/category/2094
