00_20240125_002908966_wlg.webp,?/28582/category/1869
05583_mana_and_kapiti_islands_v1.webp,?/28577/category/1869
06536_monarch_butterfly_v1.webp,?/27933/category/1850
06584_feeding_the_kid_v1.webp,?/27939/category/1850
06634_blue_skimmer.webp,?/27945/category/1850
06715_female_satin_bowerbird_v1.webp,?/27952/category/1850
06887_faceoff_kookaburra_miner_v1.webp,?/28524/category/1868
06937_swimming.webp,?/28537/category/1868
06979_shag.webp,?/28544/category/1868
07030_crowded_beach_v1.webp,?/28557/category/1868
