0_20210822_023218739_mp_and_cat_v1.jpg,?/28754/category/1866
10903_floofy_cat.JPG,?/28429/category/1866
10911_tui_v1.JPG,?/28753/category/1866
20210419_022925646_low_water_level_at_zealandia.jpg,?/28603/category/1870
20210822_031952310_containers_view.jpg,?/28757/category/1866
20220831_012446183_cow.jpg,?/28640/category/1872
20220831_020106777_trig.jpg,?/28651/category/1872
90360_takahe.JPG,?/28493/category/1867
90463_kaka.JPG,?/28504/category/1867
90482_sitting_quails_v1.JPG,?/28510/category/1867
90920_bellbird.JPG,?/28616/category/1870
0_20210822_023218739_mp_and_cat_v1.webp,?/28754/category/1866
10903_floofy_cat.webp,?/28429/category/1866
10911_tui_v1.webp,?/28753/category/1866
20210419_022925646_low_water_level_at_zealandia.webp,?/28603/category/1870
20210822_031952310_containers_view.webp,?/28757/category/1866
20220831_012446183_cow.webp,?/28640/category/1872
20220831_020106777_trig.webp,?/28651/category/1872
90360_takahe.webp,?/28493/category/1867
90463_kaka.webp,?/28504/category/1867
90482_sitting_quails_v1.webp,?/28510/category/1867
90920_bellbird.webp,?/28616/category/1870
