07340_flying_spoonbills_v1.JPG,?/27378/category/1831
07375_lone_spoonbill_v1.JPG,?/27382/category/1831
07442_two_flying_spoonbills_v1.JPG,?/27387/category/1831
07463_one_stilt_v1.JPG,?/27390/category/1831
07475_flying_stilts_v1.JPG,?/27394/category/1831
20220423_193805122_twilight_morning.jpg,?/27348/category/1830
20220423_203847760_landscape_v1.jpg,?/27352/category/1830
20220423_210048316_view_across_twilight_beach_again.jpg,?/27354/category/1830
20220423_212051674_ninety_mile_beach.jpg,?/27357/category/1830
20220423_223344527_speed_limit_30_v1.jpg,?/27368/category/1830
20220423_230419562_going_uphill_v1.jpg,?/27372/category/1830
07340_flying_spoonbills_v1.webp,?/27378/category/1831
07375_lone_spoonbill_v1.webp,?/27382/category/1831
07442_two_flying_spoonbills_v1.webp,?/27387/category/1831
07463_one_stilt_v1.webp,?/27390/category/1831
07475_flying_stilts_v1.webp,?/27394/category/1831
20220423_193805122_twilight_morning.webp,?/27348/category/1830
20220423_203847760_landscape_v1.webp,?/27352/category/1830
20220423_210048316_view_across_twilight_beach_again.webp,?/27354/category/1830
20220423_212051674_ninety_mile_beach.webp,?/27357/category/1830
20220423_223344527_speed_limit_30_v1.webp,?/27368/category/1830
20220423_230419562_going_uphill_v1.webp,?/27372/category/1830
