01367_piwakawaka.JPG,?/25024/category/1763
01465_two_kakarikis.JPG,?/24865/category/1760
01519_kakariki_against_tree_trunk.JPG,?/24868/category/1760
01551_silvereye.JPG,?/24873/category/1760
01607_red_admiral_butterfly_closeup.JPG,?/24885/category/1760
20230902_021943966_nurseryweb_spider.jpg,?/25040/category/1763
01367_piwakawaka.webp,?/25024/category/1763
01465_two_kakarikis.webp,?/24865/category/1760
01519_kakariki_against_tree_trunk.webp,?/24868/category/1760
01551_silvereye.webp,?/24873/category/1760
01607_red_admiral_butterfly_closeup.webp,?/24885/category/1760
20230902_021943966_nurseryweb_spider.webp,?/25040/category/1763
