20230725_011359160_gear_for_ice_climbing_course.jpg,?/28381/category/1863
20230726_021119087_takeoff_over_wellington.jpg,?/28386/category/1863
20230726_042259728_kia_ora.jpg,?/28396/category/1863
20230730_220517586_best_ticketing_desk_scenery_v1.jpg,?/28407/category/1864
20230730_232932790_snow_covered_v1.jpg,?/28414/category/1864
20230725_011359160_gear_for_ice_climbing_course.webp,?/28381/category/1863
20230726_021119087_takeoff_over_wellington.webp,?/28386/category/1863
20230726_042259728_kia_ora.webp,?/28396/category/1863
20230730_220517586_best_ticketing_desk_scenery_v1.webp,?/28407/category/1864
20230730_232932790_snow_covered_v1.webp,?/28414/category/1864
