20230911_020105475_calgary_v1.avif,?/37496/category/2140
20230911_170604240_kata_discussion_at_hiros_judo_club.avif,?/37818/category/2154
20230911_180047400_mymy_sub.avif,?/37819/category/2154
20230911_214343248_inside_calgary_public_library.avif,?/37822/category/2154
20230911_233620735_street_art.avif,?/37823/category/2154
20230912_201625456_pan_am_oceania_championship_podium.avif,?/37831/category/2154
20230913_164708633_training_camp.avif,?/37835/category/2154
20230913_183134583_flavours_of_quebec_v1.avif,?/37837/category/2154
20230914_013326716_calgary_golden_hour_v1.avif,?/37840/category/2154
20230916_020843036_above_seatac_v1.avif,?/37863/category/2155
20230917_215717045_parking_lot_wall_with_climbing_group.avif,?/37906/category/2159
20230918_003950148_squamish_rock.avif,?/37908/category/2159
