20250501_200842369_approaching_yul.avif,?/37670/category/2147
20250502_043329243_sunrise.avif,?/37679/category/2147
20250708_142213328_back_in_canada_v1.avif,?/37955/category/2160
20250708_190434969_fields_outside_vancouver.avif,?/37969/category/2160
20250708_230642234_rogers_stadium_yzd.avif,?/37976/category/2160
20250708_233803828_yyz_intl_mll_v1.avif,?/37980/category/2160
20250709_011337464_pearson_v1.avif,?/37986/category/2160
20250901_014803506_boarding_to_gis_v1.avif,?/38416/category/2182
20250901_025727351_valley_and_hills_v1.avif,?/38418/category/2182
20250901_031132698_landing_near_sheep_v1.avif,?/38425/category/2182
20250901_051016850_rimutaka_range_and_lake_ferry_v1.avif,?/38432/category/2182
20250901_053139531.wlg_again_LONG_EXPOSURE-01.COVER_v1.avif,?/38434/category/2182
20250901_180626679_new_wlg_bird.avif,?/37756/category/2152
20250901_184217023_dawn_at_wlg_v1.avif,?/37758/category/2152
