00_20231023_162438112_richmond_townhouses_v1.avif,?/38488/category/2184
00_20231023_235354293_biplane_at_sea.avif,?/38491/category/2184
00_20250511_090112627_go_away_copilot_in_department_store.avif,?/37609/category/2144
00_20250511_090240400_tartu_or_tallinn.avif,?/37610/category/2144
10_03095_eesti_vabadussoda_cross_v1.avif,?/37546/category/2144
11_04196_ukraine_estonia_flags_on_building_v1.avif,?/37567/category/2144
12_20250511_113548437_public_square.avif,?/37621/category/2144
13_04199_anti_russian_graffiti.avif,?/37568/category/2144
14_04222_linnahall_graffiti_v1.avif,?/37575/category/2144
14_20250511_135559111_kompressor.avif,?/37630/category/2144
15_04283_commanding_view_stenbock_house_v1.avif,?/37594/category/2144
16_04290_medieval_wall_v1.avif,?/37596/category/2144
17_04874_not_a_throne_v1.avif,?/38727/category/2190
18_04887_blue_pink_and_white_pants_v1.avif,?/38713/category/2190
19_03353_some_highrise_towers_v1.avif,?/38732/category/2190
19_05166_montreal_garden_in_shanghai_v1.avif,?/38767/category/2190

