00847_mp_on_shores_of_lake_wakatipu.avif,?/29139/category/1889
00853_fall_in_queenstown_v1.avif,?/29141/category/1889
00859_walter_peak_v1.avif,?/29145/category/1889
00866_caution_steep_slope.avif,?/29149/category/1889
00878_20240519_235602960_plam_biking_along.avif,?/29182/category/1889
00921_edgar_bridge.avif,?/29160/category/1889
00937_rapids.avif,?/29164/category/1889
00943_kinross_v1.avif,?/29167/category/1889
00944_20240520_030152825_bike_parking.avif,?/29175/category/1889
00976_pole_assembly.avif,?/29449/category/1898
01019_maybe_eyre_mountains_v1.avif,?/29462/category/1898
01043_lake_and_track_and_slopes.avif,?/29466/category/1898
01054_many_valleys_maybe_off_moke_creek_v1.avif,?/29469/category/1898
01062_summit_crowd_v1.avif,?/29474/category/1898
01112_ridgeline_and_track_and_lake_wakatipu_v1.avif,?/29483/category/1898
01146_nz_pipit_on_kea_sign_v1.avif,?/29487/category/1898
01152_toilet_and_lake_wakatipu.avif,?/29488/category/1898















