20220523_230848349_towers_and_marina.avif,?/29903/category/1915
20230523_175326354_yul_checkin_area.avif,?/30032/category/1920
20230523_175820670_montreal_v1.avif,?/30036/category/1920
20230523_205627258_rive_sud.avif,?/30043/category/1920
20230523_220756048_birchbark_canoe_at_yow_v1.avif,?/30055/category/1920
20230524_032832224_healthy_snake_plants.avif,?/30064/category/1920
20230524_032837542_drum_dancer_sedna_beluga_v1.avif,?/30065/category/1920
20230524_033352351_yvr_water_feature.avif,?/30068/category/1920
20230524_033718130_aquarium_at_yyz.avif,?/30070/category/1920
20230524_053503128_stilt_walking_in_hi_vis_v1.avif,?/30073/category/1920
20230524_225652286_bne_intl_terminal_v1.avif,?/30084/category/1921
20230524_225923067_stephen_killick_sculptures_v1.avif,?/30086/category/1921
20230525_003547807_more_air_nz_fake_book_titles.avif,?/30096/category/1921
20230525_033735608_more_sounds_v1.avif,?/30104/category/1921
20230525_055603154_all_boarding_passes_v1.avif,?/30109/category/1921
9_20570_taranaki_maunga_v1.avif,?/30110/category/1921
