00_04440_dingo_statues.avif,?/30534/category/1936
01_04453_dingo_print_v1.avif,?/30537/category/1936
02_04492_kevin_with_dingo.avif,?/30541/category/1936
03_04503_dingo_on_a_post_v1.avif,?/30543/category/1936
04_20240720_015307739_plam_feeding_the_dingo.MP.avif,?/30560/category/1936
04528_baby_dingoes.avif,?/30549/category/1936
05_04517_dispensing_dingo_snack.avif,?/30545/category/1936
06_20240720_021026111_cuddling_a_dingo.MP.avif,?/30563/category/1936
07_04567_old_farm_equipment.avif,?/30555/category/1936








