00_20895_pied_cormorant-topaz-sharpen-denoise.avif,?/31793/category/1976
01_20241028_234358388_no_go_zone_v1.avif,?/31765/category/1976
02_20919_galah-topaz-denoise-sharpen.avif,?/31798/category/1976
10_20241029_000054035_lantana_v1.avif,?/31767/category/1976
20945_new_holland_honeyeater_v1-topaz-denoise-sharpen.avif,?/31800/category/1976
20959_superb_fairy_wren_v1-topaz-sharpen-denoise.avif,?/31802/category/1976
20968_pied_stilt_v1-topaz-denoise-sharpen.avif,?/31804/category/1976
20989_chestnut_teal_v1-topaz-denoise-sharpen.avif,?/31807/category/1976
30009_sharp_tailed_sandpiper_v1-topaz-denoise-sharpen.avif,?/31809/category/1976
30066_spotted_dove_v1-topaz-sharpen-denoise.avif,?/31818/category/1976
