00_04492_kevin_with_dingo_v1.avif,?/30541/category/1936
01_04514_dingo_on_a_tree_stump_v1.avif,?/30544/category/1936
02_05404_australasian_grebes_v1.avif,?/30666/category/1940
10_20240726_003356844_look_no_platypus.avif,?/30685/category/1940
11_05421_spectacled_monarch_v1-topaz-sharpen-denoise-exposure.avif,?/30669/category/1940
15_20240726_033502715_granite.avif,?/30692/category/1940
20_05485_orange_footed_megapode_v1-topaz-denoise-sharpen.avif,?/30675/category/1940
30_20240726_210742708_in_the_air_v1.avif,?/30575/category/1937
31_20240727_070954064_streets_of_melbourne.avif,?/30582/category/1937
32_05513_royal_exhibition_building-topaz-denoise-sharpen-exposure.avif,?/30570/category/1937










