00_20240801_024622056_manuwatu_lodge.avif,?/30442/category/1934
05561_volcanic_landscape.avif,?/30432/category/1934
05581_reading_about_the_outdoors_v1.avif,?/30440/category/1934
05589_andy_explaining_v1.avif,?/30445/category/1933
05608_james_mp_v1.avif,?/30452/category/1933
05656_don_v1.avif,?/30461/category/1933
05662_stephan.avif,?/30463/category/1933
05762_good_self_arrest_photo_though_not_looking_down_the_shaft_v2.avif,?/30495/category/1933
05892_looking_out_at_sunset.avif,?/30527/category/1933
05972_andy.avif,?/30617/category/1939
05979_mp_working.avif,?/30619/category/1939
05980_jon.avif,?/30620/category/1939
06001_north_wall_technique_v1.avif,?/30627/category/1939
