00_20241004_222849921_farewell_wellington.avif,?/31954/category/1981
01_20241005_184103203_united_lounge_outdoors.avif,?/31834/category/1977
02_20241005_224256870_hanging_plane_at_skytrain_station_v1.avif,?/31844/category/1977
03_20241008_010417308_red_sky_at_dusk_v1.avif,?/31861/category/1978
10_06980_hotel_monte_vista.avif,?/31850/category/1978
20_07038_house_finch_v1.avif,?/31911/category/1980
21_07063_gnatcatcher_v1.avif,?/31914/category/1980
22_07082_peek_a_birb__white_crowned_sparrow_v1.avif,?/31919/category/1980
30_20241010_031744465_airport_or_mall_lax.avif,?/31882/category/1979
31_20241010_170405212_tomokanga_again_v1.avif,?/31887/category/1979
32_20241010_202552239_air_nz_waka_rererangi.avif,?/31900/category/1979
