00_08989_forest_v1.avif,?/32199/category/1988
10_02116_kereru_got_fruit_v1.avif,?/32301/category/1991
11_03319_tasman_river_valley_view_v1.avif,?/32546/category/1999
20_20240525_043122950_to_the_tasman_sea_v1.avif,?/32295/category/1990
21_02418_bullers_mollymawk-topaz-denoise-sharpen.avif,?/32284/category/1990
30_04597_superb_lyrebird-topaz-rawdenoise_v1.avif,?/32385/category/1993
31_04760_crimson_rosella.avif,?/32404/category/1993
40_07117_annas_hummingbird_v1.avif,?/31923/category/1980
50_20934_yellow_rumped_thornbill_v1-topaz-denoise-sharpen.avif,?/31799/category/1976
60_07699_a_vantage_point_v1.avif,?/32359/category/1992
61_00192_mangatoetoe_stream_v1.avif,?/32447/category/1998
