20220925_221355371_belaying_and_looking_on.jpg,?/19044/category/1571
20220925_221355371_belaying_and_looking_on.webp,?/19044/category/1571
20220926_065341494_sunset.jpg,?/19069/category/1571
20220926_065341494_sunset.webp,?/19069/category/1571
20220926_220713827_low_visibility_v1.jpg,?/19190/category/1575
20220926_220713827_low_visibility_v1.webp,?/19190/category/1575
20220929_205141091_dusting_of_snow.jpg,?/19156/category/1574
20220929_205141091_dusting_of_snow.webp,?/19156/category/1574
20220929_224642178_traverse_v1.jpg,?/19168/category/1574
20220929_224642178_traverse_v1.webp,?/19168/category/1574
