00_8210_manastirea_sinaia_v1.avif,?/34310/category/2052
01_00356_greenish.avif,?/34299/category/2050
02_08859_grey_green_fruit_dove_v1.avif,?/34395/category/2054
03_00964_tropical_island_view_v1.avif,?/34368/category/2054
10_09101_daurian_redstart_v1.avif,?/34097/category/2045
11_01085_more_osaka_castle_v1.avif,?/34073/category/2045
12_01106_stock_outdoor_owner.avif,?/34136/category/2047
20_01034_red_tailed_hawk_v1.avif,?/34062/category/2044
21_02240_brace_for_landing_black_vulture_v1.avif,?/34265/category/2049
22_20250412_205333721_huaca_hallamarca_stairs_v1.avif,?/34246/category/2049
42_02275_flying_parakeets_v1.avif,?/34278/category/2049
