00_20250503_154415034_r16.avif,?/34771/category/2067
01_02801_estonian_flag_flying.avif,?/34725/category/2067
02_20250504_092133385_lots_of_greek_strawberries_at_market.avif
03_20250504_092854278_market.avif
04_20250510_173306567_another_hotel_view.avif
05_20250511_114429770_derogatory_russian_embassy_postings.avif
10_04212_tallinna_linnahall_v1.avif
11_04259_some_tower_v1.avif
12_03195_st_olafs_church_and_church_of_transfiguration_of_our_lord.avif
20_20250512_055921937_flying_out_of_tallinn.avif
