00181_at_work.JPG,?/19571/category/1587
00236_reach_v1.JPG,?/19584/category/1587
00318_two_kingfishers.JPG,?/19518/category/1588
00515_hermit_crab_with_sand.JPG,?/19525/category/1588
00632_flycatcher_on_light_bulb.JPG,?/19532/category/1588
20210730_053112051_ice_skating_in_july_v1.jpg,?/19802/category/1602
20210731_022109422_coral_beach_bungalows_view-EFFECTS_v1.jpg,?/19828/category/
00181_at_work.webp,?/19571/category/1587
00236_reach_v1.webp,?/19584/category/1587
00318_two_kingfishers.webp,?/19518/category/1588
00515_hermit_crab_with_sand.webp,?/19525/category/1588
00632_flycatcher_on_light_bulb.webp,?/19532/category/1588
20210730_053112051_ice_skating_in_july_v1.webp,?/19802/category/1602
20210731_022109422_coral_beach_bungalows_view-EFFECTS_v1.webp,?/19828/category/1601

