01250_on_the_bridge.JPG,?/22399/category/1689
01266_harsh_indian_paintbrush.JPG,?/22405/category/1689
01268_nelson_v1.JPG,?/22406/category/1689
01290_butterfly_comma_v1.JPG,?/22416/category/1689
01295_cbc_tower_buildings.JPG,?/22420/category/1689
01322_bikes_at_the_gym.JPG,?/22435/category/1689
01250_on_the_bridge.webp,?/22399/category/1689
01266_harsh_indian_paintbrush.webp,?/22405/category/1689
01268_nelson_v1.webp,?/22406/category/1689
01290_butterfly_comma_v1.webp,?/22416/category/1689
01295_cbc_tower_buildings.webp,?/22420/category/1689
01322_bikes_at_the_gym.webp,?/22435/category/1689
