00_20240621_181021879_bikes_on_the_train.avif,?/34931/category/2072
00_20240621_193344948_tractor_for_boat_to_kapiti_island.avif,?/34933/category/2072
03077_dog_waiting_outside_the_cafe.avif,?/34883/category/2072
03119_tui_v1.avif,?/34896/category/2072
03149_saddleback_v1.avif,?/34898/category/2072
03173_hihi-topaz-sharpen_v1.avif,?/34900/category/2072
03266_kokako_v1-topaz-denoise-sharpen.avif,?/34905/category/2072
03288_karearea_v1-topaz-sharpen-upscale-2x_v1.avif,?/34910/category/2072
03295_takahe_on_deck_v1.avif,?/34912/category/2072
03437_kakariki_v2.avif,?/35123/category/2079
