05647_red_browed_firetail_v1.JPG,?/27066/category/1826
05691_red_fingered_marsh_crab_v1.JPG,?/27073/category/1826
05699_great_egret_v1.JPG,?/27075/category/1826
05725_rufous_aka_nankeen_night_heron_juvenile_v1.JPG,?/27080/category/1826
05733_australian_water_dragon.JPG,?/27083/category/1826
05848_two_grey_headed_flying_foxes_v1.JPG,?/27097/category/1826
05894_brown_gerygone_v1.JPG,?/27102/category/1826
05900_dino_family.JPG,?/27115/category/1827
05923_redevelopment_potential.JPG,?/27128/category/1827
05941_cockatoo.JPG,?/27133/category/1827
05988_sulphur_crested_cockatoo_in_flight_v1.JPG,?/27139/category/1827
06064_bat__grey_headed_flying_fox_v1.JPG,?/27145/category/1827
20240126_043307730_mind_the_gap.jpg,?/27149/category/1827
05647_red_browed_firetail_v1.webp,?/27066/category/1826
05691_red_fingered_marsh_crab_v1.webp,?/27073/category/1826
05699_great_egret_v1.webp,?/27075/category/1826
05725_rufous_aka_nankeen_night_heron_juvenile_v1.webp,?/27080/category/1826
05733_australian_water_dragon.webp,?/27083/category/1826
05848_two_grey_headed_flying_foxes_v1.webp,?/27097/category/1826
05894_brown_gerygone_v1.webp,?/27102/category/1826
05900_dino_family.webp,?/27115/category/1827
05923_redevelopment_potential.webp,?/27128/category/1827
05941_cockatoo.webp,?/27133/category/1827
05988_sulphur_crested_cockatoo_in_flight_v1.webp,?/27139/category/1827
06064_bat__grey_headed_flying_fox_v1.webp,?/27145/category/1827
20240126_043307730_mind_the_gap.webp,?/27149/category/1827
